director,aud_mean,cri_mean,net_mean,count
D. 졸바야르,,4.12,,1
D.J. 카루소,8.18,5.845,7.763,4
D.R. 후드,7.62,6,7.01,1
E. 일라이어스 메리지,,6.8,,1
F. 게리 그레이,8.97,7.803,8.315,4
F. 하비에르 구티에레즈,,5.5,,1
J 블레이크슨,6.45,5.64,,1
J.C. 챈더,9,6.835,7.97,2
J.J. 에이브럼스,8.21,7.524,8.216,5
M. 나이트 샤말란,7.45,6.688,6.418,9
M. 마니칸단,9.57,6.5,8.95,1
P.J. 호건,,9.14,,1
SS 라자몰리,9.5,5.83,7.83,1
가렛 에드워즈,7.7,6.78,7.55,2
가렛 에반스,,7.57,8.215,2
가버 추보,,7.58,,1
가베 이바네즈,10,5,6.68,1
가브리엘 무치노,8.45,5.6,8.197,3
가브리엘 악셀,9,8.5,,1
가브리엘라 타글리아비니,,4,,1
가스 데이비스,9.31,6.5,9.1,1
가스 제닝스,8.99,6.71,8.96,1
가와세 나오미,8.27,6.165,8.195,2
가와지리 요시아키,,8.68,,1
가이 리치,8.06,6.952,8.103,5
강건향,,6.65,,1
강경훈,,5,7.83,1
강대규,,5.79,9.06,1
강석범,,5.5,9.21,1
강수경,8.66,5.5,8.53,1
강우석,8.03,6.836,7.602,11
강이관,,6.38,7.695,2
강정수,,5.1,,1
강제규,8.7,7.493,7.995,4
강진아,,6.95,7.83,1
강철우,,7.81,,1
강현,,6.8,,1
강형철,7.76,6.533,8.53,3
강효진,8.84,5.433,8.307,3
개리 위닉,,4.75,7.03,1
개빈 후드,8.32,6.32,7.947,3
거린다 차다,,8.03,,1
게리 로스,,7.615,7.19,2
게리 마샬,,7.45,7.1,3
게리 쇼어,8.05,5.65,7.97,1
게리 시니어,,7.58,,1
게리 위닉,,6,8.39,1
게리 플레더,,7.63,,2
게비 델랄,8.06,5.93,7.93,1
게빈 오코너,8.15,4.85,8.505,2
게이브 토레스,,6.08,,1
경석호,,6.73,,1
고광현,,4.18,,1
고구마,10,5.07,,1
고달우,,6.04,8.89,1
고레에다 히로카즈,8.784,7.869,8.578,8
고석진,,2.33,4.3,1
고어 버빈스키,7.38,7.026,7.975,5
고현창,10,4,7.64,1
고희영,9.285,6.415,9.075,2
곤 사토시,10,8.22,8.73,3
공수창,,7.36,7.01,2
공자관,8.5,6.75,8.91,1
공정식,,7.35,,1
곽경택,8.35,6.293,7.399,9
곽요량,,8.5,,1
곽재용,7.89,6.668,6.817,6
곽회중,,3.59,,1
구로사와 기요시,6.48,7.175,6.625,2
구로사와 아키라,,8.815,,4
구모,7.7,4.075,3.12,2
구봉회,9.19,9.04,,1
구수환,,7,9.34,1
구스 반 산트,10,8.625,,2
구스타보 타레토,8,7.45,8.06,1
구예도,,4,5.56,1
구자홍,,6.5,6.1,1
구파도,9.13,6,9.08,1
국동석,,5.33,7.17,1
권문선,9.67,5.66,,1
권성국,,4,7.44,1
권수경,8.92,4.55,8.36,1
권영락,,1,5.48,1
권영철,,5.92,5.42,1
권오광,7.43,6.31,6.92,1
권종관,8.54,5.19,7.435,3
권철휘,,8.12,,1
권칠인,7.65,6.11,7.277,3
권혁만,9.48,9.1,,2
권혁재,,6.13,7.56,1
권형진,6.6,4.325,7.737,4
권호영,,4.613,6.86,3
권효,,6,8.39,1
그레고 조던,,8.54,,1
그레고리 플로킨,6.48,3,5.63,1
그레고리 호블릿,,8.785,,2
그레그 프리티킨,,8.28,,1
그레이엄 애나블,8.38,7.11,8.39,1
그렉 맥린,,7,5.88,1
그렉 모톨라,,6.36,7.69,1
그렉 아라키,7.33,6.25,6.94,1
그리머 해커나르손,8.14,7.39,8.1,1
그리프 퍼스트,,6.58,6.02,1
그리핀 던,,4.63,6.13,1
글렌 피카라,7.93,6.29,7.385,3
기대호,,6.81,,1
기옘 모랄레스,,6.07,7.96,1
기타가와 에리코,,6,8.11,1
기타노 다케시,8.917,8.019,8.075,7
기타무라 류헤이,,5.97,,2
길 정거,,9.08,,1
길 키넌,,6,7.33,1
길예르모 델 토로,7.38,7.345,7.623,4
김경묵,7.48,6.14,6.18,1
김경원,8.68,5.5,8.38,1
김경형,7.88,7.34,,1
김곡,5.05,5.5,6.335,2
김광식,7.56,6.785,8.285,2
김광태,6.89,6.66,6.49,1
김기덕,7.59,7.186,7.01,11
김기영,,7.695,,2
김기훈,,7,8.31,1
김달중,,5.42,8.84,1
김대성,,7.95,,2
김대승,6.87,6.875,6.69,4
김대우,6.63,6.523,6.993,3
김대창,8.54,5,7.22,1
김대현,8.835,6.165,8.51,2
김대환,8.42,6.93,8.04,1
김덕수,7.815,3.75,7.15,2
김도원,8.2,2,8.01,1
김도혁,,6.17,,1
김동명,9.14,6.5,8.05,1
김동민,9.59,5,9.01,1
김동빈,9.14,4.987,7.695,3
김동욱,,3.75,5.825,2
김동원,,4.192,6.32,4
김두영,,7.345,,2
김명균,5.08,5.31,,1
김명준,9.05,6.97,8.85,2
김무원,,5.79,,1
김문흠,,3,4.52,1
김민석,,6.16,6.67,1
김병곤,,4.55,6.25,1
김병관,,7.45,,1
김병우,,7.06,8.26,1
김병준,9,4.67,5.78,1
김봉주,8.05,5.2,6.87,1
김봉한,8.53,4.915,7.3,2
김상만,8.46,5.203,6.98,3
김상우,,4,6.04,1
김상진,7.17,6.146,7.095,8
김상찬,,4.67,7.47,1
김상철,9.05,8.62,,1
김석윤,8.07,6.01,8.123,3
김성덕,,5.06,,1
김성수,6.57,5.984,7.362,5
김성제,8.71,7.18,7.92,1
김성호,8.79,5.77,7.805,2
김성홍,,5.733,6.02,3
김성훈,8.767,5.242,7.746,5
김세연,7.67,4,8.36,1
김소연,8.5,5,8.64,1
김소영,,8,8.95,1
김수용,,9.29,,1
김수현,7.4,6.375,7.085,2
김아론,7.91,5,7.38,1
김영남,,5.46,5.23,1
김영빈,,8.42,,2
김영준,,5.83,,1
김영탁,7.77,5.78,8.305,2
김용균,,6.46,7.09,3
김용운,4.63,4.01,,1
김용한,,4.5,6.44,1
김용화,,6.592,8.56,4
김유성,,2.33,4.79,1
김유진,,7.875,8.3,4
김은경,,7.67,,1
김의석,,6.45,,1
김익로,,4.9,4.99,1
김일란,,7.75,5.14,1
김재수,8.8,4,5.06,1
김재환,9.19,6.557,8.22,3
김정권,8.79,5.837,7.375,3
김정근,9.38,7.14,9.23,1
김정민,,4.73,,1
김정우,,3.125,6.9,2
김정환,,6.82,7.49,2
김정훈,8.62,5.9,8.48,1
김제영,,4.56,6.88,1
김종관,8.46,6.74,7.31,2
김종진,,4.33,5.92,1
김종현,8.79,7.27,8.7,2
김주호,,5.75,7.59,1
김주환,,6,9.1,1
김준성,8.13,3,5.94,1
김지연,9.17,8.46,,1
김지운,8.565,7.52,7.298,8
김지훈,,5.71,6.267,4
김진도,8.48,6,8.34,1
김진만,,5,8.7,1
김진무,8.55,6,8.1,1
김진성,,4.25,7.88,1
김진영,7.77,4.65,7.026,5
김진혁,9.48,6,8.57,1
김진황,8.05,6.44,7.43,1
김창래,,4.33,6.07,1
김철한,,3.25,5.41,1
김청기,,7.185,6.77,2
김태경,,5.21,5.323,3
김태곤,8.42,5.97,8.11,1
김태규,,4.6,,1
김태균,7.03,6.207,8.182,6
김태수,,5.52,,1
김태식,,6.2,7.685,2
김태용,8.55,7.378,7.91,5
김태윤,8.98,5.82,8.433,3
김학순,9.14,4.94,8.99,1
김한민,8.87,6.008,7.657,4
김해곤,,6.57,4.19,2
김현빈,,7.06,,1
김현석,7.97,6.45,7.23,4
김현성,,8.05,,1
김현수,,7.22,,1
김현주,7.77,5,6.59,1
김형주,,7,7.74,1
김형준,,4.355,7.245,2
김호준,10,4.938,3.68,4
김홍선,7.91,4.875,7.07,2
김회근,9,4.5,5.89,1
김휘,6.86,5.545,7.065,2
김희정,8.46,6.42,7.16,2
끌로드 를르슈,8.26,8.17,,1
끌로드 밀러,,8.25,,1
나가미네 타츠야,,6,9.03,1
나가사와 마사히코,,3.67,6.1,1
나가이 아키라,8.71,5.9,8.55,1
나가이 타츠유키,8.96,6.83,8.705,2
나단 몰랜도,,6.6,,1
나딘 라바키,,8.13,,1
나루시마 이즈루,8,6.125,6.245,2
나문,,8.35,,1
나베시마 오사무,8.99,8.855,,2
나영창,,2.49,,1
나오미 포너,6.95,4,7.16,1
나유,,9.13,,1
나이젤 콜,,8.41,,1
나이토 에이스케,,5.36,,1
나지량,,7.98,,1
나초 세르다,,3.5,4.71,1
나카노 료타,9.13,6.67,8.91,1
나카무라 쇼코,9.5,7,9.2,1
나카무라 요시히로,6.875,5.777,7.817,3
나카시마 테츠야,7.4,7.387,8.12,3
나카에 이사무,8.92,7,8.36,1
나카자와 쇼지로,8.5,8.93,,1
나카타 히데오,,3.955,7.08,2
나현,8.34,6,7.84,1
나홍진,8.22,7.663,8.15,3
난니 모레티,7.89,7.41,7.28,1
남기웅,,3,2.24,1
남다정,,4.13,8.22,1
남대중,8.19,5,7.87,1
남택수,,5,8.92,1
낸시 마이어스,9.04,7.435,8.96,2
네드 벤슨,7.61,6.725,7.585,2
네이슨 그레노,,7.13,9.33,1
노덕,7.99,6.59,7.22,2
노라 애프론,,6.33,8.68,1
노라 에프론,8,7.78,8.52,2
노만 주이슨,,9.35,,1
노병하,10,8.23,,2
노아 바움백,7.935,6.79,7.71,2
노암 머로,7.55,4.98,7.59,2
노엘 마샬,,6.2,,1
노영석,8.41,6.785,7.775,2
노즈에 타케시,9.31,8.38,,1
노진수,10,5.39,5.855,3
니나가와 미카,,6.415,7.955,2
니르 패니리,,8.03,,1
니마 누리자데,6.8,6.33,6.93,1
니시다 마사후미,,8.22,,1
니시카와 미와,8.68,7,8.6,1
니시쿠보 미즈호,7.25,6.33,4.19,1
니시타니 히로시,,6.32,8.7,1
니코스 포스콜로스,,9.48,,1
니콜라스 맥카시,,6.44,,1
니콜라스 스톨러,8.445,6.44,8.04,2
니콜라스 윈딩 레픈,7.78,6.845,6.86,2
니콜라스 제렉키,,7.88,,1
니콜라이 레베데프,,8.91,,1
니콜라이 아르셀,,7.35,8.38,1
니티왓 다라톤,9,6.2,8.77,1
닉 머피,,7.045,,2
닉 샌도우,,7.14,,1
닉 카사베츠,9.47,7.975,9.07,2
닉 톰네이,,6,7.03,1
닉 햄,,7.1,,1
닉 허랜,,5,8.3,1
닉힐 아드바니,,7.34,,1
닐 라부티,,5.495,,2
닐 마샬,,6.857,6.593,3
닐 버거,7.62,6.43,7.985,3
닐 블롬캠프,7.92,6.837,7.963,3
닐 조던,,7.78,7.56,3
닐 피셔,,3.87,,1
닐스 아르덴 오플레브,,5.875,7.21,2
님로드 앤탈,,6.257,7.465,3
다구르 카리,,7,8.03,1
다나카 히로유키,,6.46,8.065,2
다니 델 라 토레,6,6,6.46,1
다니엘 그로우,,6.52,,1
다니엘 래거시스,,6.38,,1
다니엘 미릭,,6.38,,1
다니엘 벤마요,7.03,6.68,,1
다니엘 스탬,,6.62,,1
다니엘 알프레드손,,5.46,7.025,2
다니엘 에스피노사,7.775,5.56,7.97,4
다니엘 칼파소로,,6.71,,1
다니엘르 톰슨,8.24,6.1,8.16,1
다라 오코넬,8.207,8.18,,3
다미엔 차젤레,8.865,8.39,8.68,2
다비드 비이어,,7.2,,1
다비드 샤혼,,6.62,,1
다비드 포앙키노스,,8.41,,1
다카하시 와타루,8.76,8.83,,1
다카하타 이사오,7.825,8.205,6.64,4
다카하타 히데타,,8.64,,1
다코 룬구로브,,6.31,7.47,1
닥터 필,,4.33,,1
당계례,9.08,7.055,7.01,2
대니 드비토,,9.18,,1
대니 보일,7.81,7.3,8.01,6
대니 분,8.23,4.97,8.38,2
대니 캐논,,4.5,8.99,1
대니 팽,,5.82,,1
대런 린 보우즈만,,6.105,8.3,2
대런 아로노프스키,6.57,7.52,7.598,5
댄 길로이,7.86,7.31,8.33,1
댄 러쉬,,5.75,6.99,1
댄 마저,8.26,4.65,7.44,1
댄 스캔론,,6.43,8.72,1
댄 트라첸버그,7.47,7.17,7.58,1
댄 포겔맨,9.04,6,8.79,1
더 비셔우스 브라더스,,5,6.52,1
더그 라이만,8.74,7.165,7.915,4
더그 레플러,,5.7,,1
더글러스 맥그라스,,5.31,7.69,1
더글러스 맥키넌,7.51,6.5,7.15,1
더글러스 엘포드-아젠트,,5.71,,1
던칸 존스,8.67,6.897,8.723,3
데니스 간젤,7.67,5.25,6.59,1
데니스 듀간,,7.965,,2
데니스 일리아디스,4,3.96,6.015,2
데니스 체르노프,7.52,7.74,,1
데니즈 겜즈 에르구벤,8.41,6.94,8.6,1
데렉 리,6.5,5.88,7.66,1
데릭 시엔프랜스,8.66,6.677,8.59,3
데미안 리히트스타인,,7.58,,1
데미안 스지프론,8.56,5.5,8.19,1
데오도르 멜피,8.985,6.51,8.895,2
데이너 슈로더,,8.44,,1
데이브 그린,7.09,5,7.815,2
데이브 마이어스,,4.37,,1
데이비드 F. 샌드버그,7.71,7.43,,1
데이비드 O. 러셀,8.4,4.4,6.7,1
데이비드 R. 엘리스,,5.455,5.75,2
데이비드 데닌,,6.39,,1
데이비드 미코드,,7.75,6.32,1
데이비드 에이어,7.25,5.806,7.662,5
데이비드 지달리,,4,,1
데이비드 크로넨버그,,7.13,6.06,1
데이비드 페트루치,,2,4.87,1
데이비드 헤이터,6,2.5,5.72,1
데이빗 O. 러셀,7.557,7.123,8.067,3
데이빗 S. 고이어,,3.4,4.44,1
데이빗 S. 워드,,8.66,,1
데이빗 겔브,6.11,4.38,5.7,1
데이빗 닉슨,9.08,3,8.49,1
데이빗 레이치,8.145,6.86,8.04,2
데이빗 로버트 밋첼,6.35,6.86,6.68,1
데이빗 로워리,8.45,7,8.3,1
데이빗 린치,,7.59,,1
데이빗 마코니,,7.63,,1
데이빗 맥낼리,,8.87,,1
데이빗 맥킨지,8.38,8.1,8.44,1
데이빗 모로,8.36,5.77,6,2
데이빗 미어킨,,8.44,,1
데이빗 미코드,,6.67,7.05,1
데이빗 보워스,,5.75,8.02,1
데이빗 소렌,,6.67,9.05,1
데이빗 슬레이드,,5.25,7.38,2
데이빗 실버맨,,6.6,8.81,1
데이빗 예이츠,8.36,6.62,7.862,6
데이빗 켈로그,,6.85,,1
데이빗 코엡,7.44,4.65,5.57,1
데이빗 크로넨버그,,7.59,8.115,3
데이빗 토히,,5.627,7.295,4
데이빗 프랭클,8.71,6.495,8.492,4
데이빗 핀처,9.123,7.781,8.24,9
덱스터 플레처,8.96,6.75,9.02,1
도날드 페트리,,8.485,,2
도리스 도리,8,7.55,8.97,1
도미닉 세나,,7.14,,2
도요시마 케이스케,7.24,5.5,7.08,1
도이 노부히로,9.08,7.163,7.47,3
도창훈,4.6,2,6.36,1
돈 마이클 폴,,5.56,,1
돈 블루스,,9.24,,1
돈 치들,7.71,6.25,7.68,1
돈 코스카렐리,,6.8,,1
돈 테일러,,7.22,,1
돈 홀,9.29,7.16,9.11,1
동위,,6.84,,1
두기봉,,6.785,,4
듀안 에들러,6.64,5,5.95,1
듀웨인 던햄,,9.33,,1
듀크 히치콕,,6.57,,1
드니 빌뇌브,7.985,7.428,8.04,5
드레이크 도리머스,7.565,6.27,7.675,2
드류 고다드,,7.59,6.98,1
드류 베리모어,,6.75,8.01,1
드와이트 H. 리틀,,7.21,,1
디데릭 반 로이엔,,7.35,,1
디클란 데일,,4,4.97,1
디터 베르너,8.06,6.25,7.99,1
딘 데블로이스,8.4,7.663,9.13,3
딘 이스라엘리트,7.37,4,8,1
딘 패리소트,,5.89,7.83,2
딩성,7.54,5,7.99,1
라나 워쇼스키,6.58,4.75,5.98,1
라두 미하일레아누,,5.88,8.49,1
라디오 사일런스,,7.35,,1
라맨 허,7.65,5.63,6.79,1
라민 바흐러니,9.25,7.63,8.27,1
라샤네 림트라쿨,,4.5,6.08,1
라세 할스트롬,8.05,6.46,7.817,5
라스 폰 트리에,8.67,8.493,7.67,3
라이 루소 영,,5.67,,1
라이언 고슬링,,4.64,,1
라이언 리틀,,4.12,,1
라이언 머피,,5.21,6.43,1
라이언 오넌,9,8.35,,1
라이언 존슨,,6.667,7.277,3
라자 고스넬,,7.93,,1
라즐로 네메스,8.65,7.83,7.94,1
라지쿠마르 히라니,8.98,6.545,9.185,2
라희찬,,6.265,7.29,2
래리 양,8.83,6.32,8.92,1
래리 찰스,,5.86,6.85,1
랜달 밀러,,5.5,7.33,1
랜달 웰러스,8.26,7.44,,1
랜달 크레이저,,8.865,,2
랜들 월리스,,8.16,,1
러셀 멀케이,,7.985,,2
레니 에이브러햄슨,8.74,7.475,8.445,2
레니 할린,7.255,6.354,6.673,7
레미 베잔송,,6.67,8.87,1
레베카 밀러,8.08,6.83,7.97,1
레슬리 헤드랜드,7.73,5.5,7.91,1
레오 가브리아제,5.39,6,6.19,1
레오 까락스,8.4,8.66,,2
레오 로,,6.21,,1
레온 주센,10,7.89,,1
레이노앗 오얼레만스,,7.48,,1
레이먼드 허버,,3.3,,1
레이프 파인즈,,7.15,,1
레자 미르카리미,8.2,6.06,8.74,1
렌 와이즈먼,,6.205,8.085,2
로드 루리,,8.3,,1
로드리고 코르테스,,6.055,7.295,2
로라 포이트라스,8.85,7.81,8.69,1
로랑 캉테,9,7.08,7.7,1
로랑 티라르,8.74,6.75,8.59,2
로렌 스카파리아,,6,8.15,1
로렌스 리,,4.49,,1
로렌스 캐스단,,7.51,,2
로렌츠 크나우어,9.4,6.67,9.18,1
로렌트 부닉,,6.51,,1
로렌트 투엘,,5.5,,1
로만 폴란스키,,7.105,7.07,2
로메인 바세트,,7.1,,1
로버츠 개너웨이,8.07,5.5,7.96,1
로버트 B. 웨이드,,6.89,7.41,1
로버트 로드리게즈,,7.145,7.11,2
로버트 로렌즈,,6.3,8.34,1
로버트 루케틱,,5.745,7.84,4
로버트 뷔드로,8.85,7.13,8.77,1
로버트 스트롬버그,8.39,6.07,8.21,1
로버트 와이즈,9.56,9.36,,1
로버트 저메키스,9.136,7.857,8.54,12
로버트 클루즈,,9,,1
로버트 파리기,,8.08,,1
로베르토 베니니,9.54,8.34,9.38,1
로베르트 슈벤트케,8.005,5.485,7.653,6
로브 라이너,7.75,8.873,8.87,3
로비 벤슨,9.71,,,1
로빈 버드,,9,,1
로쉬디 젬,9.38,6.5,8.7,1
로아 우다우그,7.71,6.63,6.58,1
로완 조페,8.09,4.95,7.22,1
로웰 딘,,5.44,,1
로저 도널드슨,,7.19,,1
로저 미첼,9.135,6.88,8.145,3
로저 스포티스우드,9.28,7.055,9.14,2
로저 알러스,8.5,7.365,9.035,2
로저 컴블,,7.42,,1
론 쉐르픽,8.075,6.66,7.525,2
론 쉘톤,,7.355,,2
론 언더우드,,8.8,,1
론 클레멘츠,9.22,6.525,8.87,2
론 하워드,8.443,6.998,8.409,10
롤랑 조페,,4.79,6.685,2
롤랜드 에머리히,7.35,6.473,6.945,8
롤프 슈벨,9.28,7.25,9.06,1
롭 라이너,,5,9.08,1
롭 레터맨,8.27,5.737,7.36,3
롭 마샬,7.24,6.354,7.17,5
롭 민코프,8.54,6.46,7.88,2
롭 보우먼,,7.14,,1
롭 엡스타인,,5.83,7.42,1
롭 좀비,,4.88,5.16,1
롭 코헨,,5.592,6.713,5
루 추안,,4,8.52,1
루게로 데오다토,,7.04,,1
루시 워커,9.15,6.86,8.97,1
루이 말,,8,7.45,1
루이 시호요스,,7.58,9.27,1
루이스 길버트,,8.035,,2
루이스 로사,,7.41,,2
루이스 리터리어,,5.508,7.692,5
루이스 만도키,,7.75,9.1,3
루이스 티그,,7.97,,1
루카 구아다니노,7.6,6.92,7.26,1
루카 미니에로,,6,8.72,1
루크 그린필드,,7.705,,2
루퍼스 노리스,,8.35,,1
루퍼트 샌더스,7.42,5.5,7.415,2
루퍼트 와이어트,,8.54,8.76,1
뤽 베송,8.1,6.848,8.34,6
류승완,9.24,7.84,8.078,7
류신의,,7.884,,5
류장하,,8.16,,2
류종헌,8.97,5.33,8.95,1
류훈,8.83,3.5,5.27,1
리 다니엘스,,6.88,8.54,1
리 루이준,9,9.42,,1
리 언크리치,,7.96,9.36,1
리 워넬,7.4,4.63,6.86,1
리 위,,6.25,8.02,1
리 타마호리,,6.62,,2
리 톨랜드 크리거,7.7,6.535,8.04,2
리들리 스콧,8.624,7.685,7.616,15
리사 이모르디노 브릴랜드,8.56,8.33,,1
리사 촐로덴코,,7.69,7.58,1
리자 랑세트,,7,7.69,1
리차드 도너,,6,7.94,1
리차드 마퀀드,,9.01,,1
리차드 아텐보로,,9.01,,1
리차드 커티스,9.22,6.8,9.07,2
리차드 켈리,,7.42,,1
리차드 플레이셔,,8.43,,1
리처드 글랫저,8.44,6.57,8.43,1
리처드 도너,,8.143,,6
리처드 라그라브네스,,5.33,7.91,1
리처드 레스터,8.73,7.42,8.78,1
리처드 론크레인,8.53,5.73,8.24,2
리처드 링클레이터,8.543,8.468,8.617,5
리처드 아요데,8.05,6.3,7.76,1
리처드 윌리엄스,,10,,1
리처드 플레이셔,9.67,8.005,,2
리처드 홀름,,6.14,,1
리치 무어,,6.83,9.29,1
리후이민,,8.73,,1
릭 로먼 워,,4,8.46,1
릭 프리드버그,,7.36,,1
린 램지,,7.91,8.41,1
린 타로,,8.18,,1
린슈유,,5.54,8.7,1
릴리 워쇼스키,9.7,7.794,8.38,5
링고 시에,,6.22,,1
마가레테 폰 트로타,7,8.33,,1
마누엘 시실라,,5,7.87,1
마누엘 카르바요,10,4.5,6.86,1
마대윤,9.28,4.5,8.55,1
마렌 아데,8.25,7.63,8.24,1
마르코스 번스테인,8.54,5.5,8.86,1
마르탕 탈보,8.38,6,9.02,1
마미 스나다,,6.75,8.79,1
마셀 랭겐거,,3.75,6.04,1
마스이 소우이치,,7.18,8.4,2
마시 태지딘,,5.3,8.04,1
마야 포브스,,8.08,,1
마에다 켄지,,7.91,,1
마의성,,7.4,,1
마이크 뉴웰,,6.412,8.305,4
마이크 니콜스,,7.713,5.51,3
마이크 리,7.675,7.68,7.99,2
마이크 맥코이,,8.23,,1
마이크 미첼,8.81,6,8.73,1
마이크 밀스,,7,8.16,1
마이크 바인더,,6.2,7.58,1
마이크 반 디엠,7.53,6,7.97,1
마이크 트메이어,8.06,5.99,8.22,1
마이크 플래너건,7.337,6,7.287,3
마이클 J. 버세트,,4.33,5.16,1
마이클 건톤,,6,6.35,1
마이클 고틀립,,8.33,,1
마이클 데이비스,,8,7.58,1
마이클 도즈,7.67,6.17,7.84,1
마이클 래드포드,9.29,9.18,,1
마이클 만,8.773,8.052,5.98,5
마이클 매너세리,,4.37,,1
마이클 맥고완,8.13,7.25,8.44,1
마이클 무어,9.13,8.32,9.03,3
마이클 바파로,,3.08,,1
마이클 베이,8.453,7.072,7.74,10
마이클 수지,,4,8.21,1
마이클 스피어리그,7.95,6.02,7.655,2
마이클 아리아스,10,8.23,,1
마이클 위너,,8.03,,2
마이클 윈터바텀,8.05,6.4,6.98,1
마이클 카튼-존스,,8.63,,1
마이클 커티즈,9.25,8.76,,1
마이클 크라이튼,,6.13,,1
마이클 크리스토퍼,,7.96,,1
마이클 티데스,,4.16,,1
마이클 패트릭 킹,,4.72,7.79,1
마이클 페트로니,7.9,5,6.81,1
마이클 호프만,7.65,6.153,7.707,3
마지드 마지디,9.7,9.29,,1
마츠나가 다이시,9,4.92,8.74,1
마츠오카 조지,8.33,6.015,8.38,2
마커스 니스펠,,5.98,7.065,3
마커스 던스탠,,6.655,7.38,2
마크 A.Z. 디페,,5,8.68,1
마크 L. 레스터,,8.55,,1
마크 네빌딘,,6.313,5.83,3
마크 누난,8.5,6.5,7.72,1
마크 로렌스,,6.92,6.62,2
마크 로마넥,,6.36,7.49,1
마크 로즈만,,8.7,,1
마크 로코,,9.3,,1
마크 미로드,,4.5,7.16,1
마크 스티븐 존슨,,6.97,,1
마크 앤드류스,,5.86,7.71,1
마크 앳킨스,,4.63,,1
마크 오스본,8.28,7.525,8.825,2
마크 워터스,,6.992,8.535,4
마크 웹,8.57,6.923,7.963,3
마크 파랜스키,,8.18,,1
마크 포스터,,6.37,7.63,2
마크 피투시,8.52,8.6,,1
마크 헬프리치,,7.45,,1
마키하라 료타로,8.13,5.83,7.07,1
마테오 가로네,7.81,6.38,7.83,1
마티유 카소비츠,,4.92,3.59,2
마틴 맥도나,8.15,7.105,7.285,2
마틴 바른비츠,,3.25,,1
마틴 브레스트,,8.825,,4
마틴 스콜세지,8.39,7.246,8.018,7
마틴 잔드블리엣,,6.67,9,1
마틴 캠벨,,5.793,6.8,3
막스 아담스,,6.07,,1
막심 고바레 ,8.49,6.15,8.35,1
만스 말린드,,6.25,7.76,1
매그너스 본 혼,7.92,6.7,7.6,1
매튜 니나버,,5.89,,1
매튜 델라포테,8.67,6.5,7.75,1
매튜 로빈스,,9.19,,1
매튜 버코위츠,,7.71,,1
매튜 본,9.02,7.152,8.79,4
매튜 파크힐,,7.12,,1
매티스 반 헤이닌겐 주니어,,5.5,7.86,1
맥 로프그렌,,6.44,,1
맥스 기와,8.82,5,7.39,1
맥스 니콜스,8.54,6.08,7.86,1
맥스 조셉,8.96,6,8.48,1
맥조휘,,7,8.21,2
맥지,7.6,6.613,7.77,3
맷 로스,8.93,7.5,8.72,1
맷 리브스,,7,7,1
맷 브라운,8.71,6.45,8.41,1
맷 코드,,5.44,,1
맷 화이트크로스,9.38,7.16,9.31,1
메노 메이제스,,8.15,,1
메리 해론,,8.3,,1
메튜 리브스,8.43,6.53,8.53,1
멜 깁슨,9.18,7.845,8.845,4
멜 스미스,,9.12,,1
명석환,,7.115,,2
모건 네빌,8.93,6.75,8.98,1
모건 매튜스,8.74,6,8.26,1
모리 준이치,8.59,6.5,8.665,2
모리카와 케이,,7.1,,1
모리타 히로유키,,8.6,,1
모튼 틸덤,8.375,6.25,8.34,2
모홍진,7.73,5.06,7.65,1
묘술,,2.79,,1
무라타 마사히코,,7.075,8.79,2
무라타 카즈야,,7,7.52,1
무쿤다 마이클 드윌,,4,5.1,1
무토 유지,,9.17,,1
문승욱,,4,6.66,1
문위홍,,6.5,,1
문제대,7.67,6.79,,1
문제용,8,4.55,7.68,1
문현성,,5,8.55,1
미란다 줄라이,,7.205,7.715,2
미로슬라브 슬라보슈비츠키,7.69,6.71,7.52,1
미르카 비올라,,3,5.5,1
미미 레더,,8.945,,2
미샤 캄프,,7.78,,1
미셀 하자나비시우스,9.33,7.78,8.75,1
미셸 공드리,8.617,6.89,8.41,4
미셸 프랑코,8.23,7.23,8.26,1
미시마 유키코,7.76,6.07,7.54,1
미아 한센-러브,8.45,8,8.33,1
미야모토 히로아키,9.12,6.78,8.98,1
미야오 요시카즈,,3,8.41,1
미야자키 고로,,5.45,5.605,2
미야자키 하야오,8.487,8.474,7.247,10
미야지 마사유키,,6.88,,1
미이케 다카시,8,6.327,6.315,4
미즈시마 츠토무,,4,9.19,1
미츠나카 스스무,9.09,8.9,,1
미카엘 살로먼,,7.79,,1
미카엘 하네케,8.9,8.615,8.275,2
미카엘 하네케 ,5,8.64,7.9,1
미카엘 하프스트롬,,5.29,7.733,3
미켈 브라에네 산데모세,,6.16,,1
미켈란젤로 안토니오니,,8.17,,1
미키 사토시,,8.18,,1
미키 코이치로,5.29,7,4.01,1
미키 타카히로,,6.86,,1
미타니 코키,,7.66,8.15,2
믹 잭슨,,8.98,,1
민경조,7.71,5,6.77,1
민규동,7.04,6.257,7.154,7
민백두,,9.1,,1
민병우,,4.75,8.37,1
민병천,,6.92,,1
민준기,,7.19,,1
밀로스 포먼,9.71,9.25,9.33,1
밋첼 릭텐스타인,,5.78,5.9,1
바란 보 오다르,7,5,7.08,1
바랫 낼러리,8.05,5.83,6.64,1
바박 나자피,8.48,4,7.38,1
바비 패럴리,7.2,6.375,6.71,2
바실리 세리코프,,6.92,,1
바이론 하워드,9.33,7.165,9.2,2
바즈 루어만,8.835,6.55,8.07,4
바트 프룬디치,,5.81,8.11,1
바흐만 고바디,,8.49,,1
박건용,,5.845,8.37,2
박경근,7.5,8,7.36,1
박광수,,6.94,6.9,2
박광우,,3,8.08,1
박광춘,,6,9,1
박광현,8.57,6.5,8.48,2
박규택,5.93,3.65,5.74,1
박기형,,7,7.13,1
박대민,8.27,5.43,7.535,2
박대영,,4.67,8.58,1
박동훈,,7,8.67,1
박명랑,,6.67,6.61,1
박문칠,9.36,7.33,8.47,1
박민국,8.18,8.34,,1
박범수,8.41,5.67,8.26,1
박병환,,2,8.2,1
박사유,9.17,6.33,9.18,1
박상준,6.25,4.335,5.575,2
박선욱,,6.255,,2
박성균,,4,4.48,1
박성수,,5.06,,2
박성훈,,5,3.14,1
박영균,8.81,7.65,8.55,2
박영훈,,8.01,,1
박용집,,3.71,6.57,2
박은경,7,4.81,4.9,1
박은형,,5.25,8.515,2
박인제,,6.18,7.19,1
박재식,4.44,2.67,3.23,1
박재호,,6.8,,1
박정범,8.2,7.197,8.033,3
박정오,8.59,8.59,,1
박정우,8.79,6.062,7.773,4
박제욱,5,8.12,,1
박제현,5.66,6.175,4.04,2
박종원,,8.75,,2
박주영,,6.015,,2
박중구,,6,6.29,1
박중훈,,6.42,7.39,1
박진표,7.79,5.553,7.555,4
박찬경,8.36,7.75,8.04,1
박찬옥,7,7.35,7.2,1
박찬욱,8.74,7.519,6.952,7
박창진,,6.79,,1
박철관,,6.61,5.12,2
박철수,,6.465,,2
박철희,,5,7.28,1
박헌수,,5.715,6.84,2
박혁지,9.025,7.9,8.73,2
박현진,8.62,6.735,8.21,2
박혜미,10,6,7.04,1
박홍민,7.83,6.63,5.4,1
박홍수,,5.45,7.32,1
박훈정,8.21,6.703,7.37,3
박흥식,7.223,6.254,7.268,7
박희곤,,6.225,8.47,2
반종 피산다나쿤,7,5.97,7.115,3
발타자르 코루마쿠르,7.81,5.89,7.303,3
방규식,,4.89,,1
방성웅,,3.97,,1
방은진,,6.07,8.207,3
배리 소넨펠드,8.78,3.5,8.22,1
배리 젠킨스,8.4,7.83,8.11,1
배성상,8.93,8.24,,1
배창호,,9.103,,3
배형준,,5.91,6.32,2
백승기,7.935,5.72,6.21,2
백승우,,6.75,4.34,1
백승화,8.55,6.07,7.75,1
백운학,8.22,5.81,7.63,1
백인규,8.38,6.92,,1
백종열,8.25,5.47,7.7,1
백창주,,8.92,,1
뱅크시,,6.89,8.89,1
버 스티어스,7.13,3.835,6.815,2
버나드 로즈,6.055,4.5,5.625,2
베네덱 플리고프,,5.5,7.14,1
베넷 밀러,8.4,7.71,8.053,3
베노이트 필립폰,,8.87,,1
베다 도캄포 페이주,8.72,5.6,8.74,1
베르나르도 베르톨루치,8.668,7.43,8.127,5
베리 레빈슨,,7.942,,4
베리 소넨필드,,6.435,8.15,2
베일리 월쉬,,7.8,,1
벤 르윈,,8,8.41,1
벤 스타센,8.21,6.5,8.615,2
벤 스틸러,7.69,6.11,7.3,2
벤 애플렉,,6.655,7.775,2
벤 영거,9.21,5.4,8.82,1
벤 웨틀리,6.42,6.56,6.15,1
벤 제틀린,,7.38,7.43,1
벤 차오,7.54,7.38,,1
벤 팔머,8.74,8.6,,1
벤비 네코,7.71,8.76,,1
벤슨 리,,4,7.69,1
벨라 타르,,8.5,7.68,1
벵상 파타,9.02,7.07,9.05,1
변성현,,6.32,8.21,1
변승욱,,6.335,6.405,2
변영주,9,7,7.89,1
변진호,,5.71,9.1,1
변혁,,5.79,,1
보아즈 야킨,,9.24,,1
볼프강 벡커,,8.99,,1
볼프강 페터젠,,8.057,7.26,6
볼프강 피터젠,,7.68,,1
봅 라펠슨,,8.8,,1
봉만대,7.8,5.875,7.925,2
봉준호,9.43,8.006,8.07,5
부지영,8.61,6.665,8.645,2
브누와 쟉꼬,6.97,6.25,6.62,1
브라이언 굿맨,,7.5,,1
브라이언 드 팔마,8,7.64,5.32,5
브라이언 레반트,,7.217,6.98,4
브라이언 싱어,8.5,7.287,8.077,8
브라이언 크러그만,,5,7.94,1
브라이언 헬겔랜드,7.55,7.325,7.03,2
브래드 버드,7.56,7.614,8.393,5
브래드 앤더슨,,6.92,6,3
브래드 퍼맨,7.5,6.28,8.215,3
브래드 페이튼,8.3,4.9,7.63,1
브래들리 파커,,6,,1
브렉 에이즈너,7.28,5.395,6.98,2
브렛 래트너,7.22,6.417,7.447,6
브렛 레너드,,5.38,,1
브렛 바벨,,7,,1
브루스 맥도널드,,5,6.63,1
브루스 베레스포드,,7.83,,1
브루스 헌트,,5,6.49,1
블라드 바르베,,5.27,,1
블레이크 에드워즈,9.5,8.39,,1
비번 키드론,,8.21,,1
비행,10,5.67,8.6,1
빅 암스트롱,,4.94,,1
빈센조 나탈리,,7.71,5.91,3
빈센트 갈로,,8.74,,1
빈센트 워드,,8.35,,1
빌 어거스트,8.34,5.89,8.28,1
빌 오거스트,,8.46,,1
빌 우드러프,,8.41,,1
빌 콘돈,8.665,6.036,8.132,5
빌리 레이,7.49,6.13,7.67,1
빔 벤더스,8.905,7.535,8.8,2
사나다 아츠시,8.25,6.08,8.08,1
사라 가브론,9.33,6,8.93,1
사라 스미스,,7.34,8.75,1
사라 폴리,8.455,7.545,8.26,2
사만다 푸터먼,9.16,6.78,9.03,1
사울 딥,8.87,5.5,8.8,1
사이러스 노라스테,,6.19,,1
사이먼 웨스트,,6.245,7.92,4
사이먼 웰스,,7.48,,1
사이먼 커티스,8.9,7,8.89,1
사이몬 필립스,,5,6.62,1
사카구치 히로노부,,7.07,,1
사카모토 준지,,6.24,,1
사카모토 코이치,8.51,8.48,,1
사카이 아츠코,8.25,5.67,6.88,1
사쿠라이 히로아키,,8.44,,1
사토 신스케,7.665,6.1,6.44,3
사토 유이치,,5.33,8.55,1
사토 토야,,3.56,,1
산제이 릴라 반살리,9.36,6.54,8.945,2
상광희,6.76,7.24,,1
샐리 포터,7.95,6.63,7.29,1
샘 가바르스키,8.21,6.67,8.01,1
샘 레이미,,7.698,7.163,10
샘 멘데스,7.53,7.766,7.713,5
샘 와이즈만,,8.34,,1
샘 테일러 존슨,5.49,3.07,6,1
샘 페킨파,,8.53,,1
샤랏 카타리야,8,6,9.06,1
샤론 맥과이어,9.1,7.185,8.93,2
샤밈 샤리프,8,8.71,,1
샤오 야 췐,8,6.88,8.1,1
서극,,8.141,7.11,7
서은영,8.44,6.25,8.36,1
서호봉,,6.39,,3
석민우,7.15,5.54,5.94,1
설효로,8.14,4.94,8.155,2
성룡,,6.19,7.81,2
성백엽,,9.3,,1
성시흡,8.67,5.5,8.13,1
세드릭 클래피쉬,,7.705,7.59,2
세딕 니콜라스 트로얀,7.54,4.95,7.64,1
세르게이 보드로프,6.64,5,4.92,1
세르지오 레오네,9.36,8.57,,2
세르지오 루비니,,8.67,,1
세스 고든,,5.49,7.72,1
세스 그로스먼,,4,7.3,1
세스 맥팔레인,7.06,5.917,7.383,3
션 베이커,9,7.38,7.69,1
셰인 블랙,7.2,7.35,7.745,2
소노 시온,8.28,6.842,6.857,5
소니 몰히,,5.25,,1
소준문,6.7,4.67,6.94,1
소피 바르트,7.6,7,7.22,1
소피아 코폴라,,5.315,5.755,2
손석,,8.87,,2
손석우,7.99,7.86,,1
손승웅,8.41,5.4,7.76,1
손영성,,6.43,8,1
손영호,,4.04,,1
손용호,7.05,4.33,6.75,1
손재곤,,6.68,8.19,2
손호,7.03,3.75,3.24,1
송능한,,7.39,,1
송민규,7.55,4,4.52,1
송유펑,7.63,6,7.83,1
송윤희,,3.99,,1
송일곤,,5.25,9.11,1
송재용,8.5,8.23,,1
송창수,,4.67,7.32,1
송해성,,6.642,7.46,5
숀 레비,8.17,5.95,8.38,4
숀 앤더스,,6,8.08,1
숀 엘리스,,8.64,,1
숀 케인,,7,,1
수 차오핑,,6.56,7.38,1
수오 마사유키,,7.75,9.12,1
수잔 비에르,8.64,5.675,6.825,2
순리준,,5.5,5.94,1
쉐리 호만,,5,7.46,1
쉐인 반 다이크,,2.23,,1
쉐인 액커,,6.13,7.73,1
슈테판 루조비츠키,,6.59,,1
스기이 기사부로,5,7,8.93,1
스캇 워프,8.15,5.75,7.88,1
스콧 데릭슨,8.055,5.66,6.848,4
스콧 도우,,5.75,,1
스콧 만,8.5,4.5,8.07,1
스콧 맥게히,8.2,6.67,8.62,1
스콧 스피어,,5.5,8.78,1
스콧 찰스 스튜어트,,2.5,5.99,1
스콧 칼벳,,8.85,,1
스콧 쿠퍼,,7.25,8.12,1
스콧 프랭크,7.11,5,7.55,1
스콧 휠러,,7.67,,1
스콧 힉스,,7.28,7.99,3
스탠리 큐브릭,9,7.81,,1
스테파노 밀라,,7.22,,1
스테판 벨라,7.71,7,8.25,1
스토브 하르유,,8.04,,1
스튜어트 베티,6.33,6.22,,1
스티브 마이너,,6.08,,1
스티브 마티노,7.88,6,7.89,1
스티브 맥퀸,8.5,7.27,8.35,2
스티브 벡,,6.985,,2
스티브 벤디랙,,5.6,7.63,1
스티브 오데커크,,8.29,,1
스티븐 C. 밀러,,6,,1
스티븐 R. 먼로,,6.9,,1
스티븐 개건,9,5.67,8.91,1
스티븐 나이트,,7.73,,1
스티븐 노링턴,,7.57,,2
스티븐 달드리,9.223,7.655,8.923,4
스티븐 도이치,,8.1,,1
스티븐 브릴,,6.75,6.85,1
스티븐 세인버그,,8.18,,1
스티븐 소더버그,,7.593,7.207,6
스티븐 소머즈,6.9,6.576,7.66,5
스티븐 스필버그,9.325,8.465,7.929,21
스티븐 쿼일,8.26,4.67,8.23,1
스티븐 크보스키,,6.72,9.07,1
스티븐 프리어스,8.63,7.667,8.14,3
스티븐 프리어즈,8.48,6.07,8.185,2
스티븐 헤렉,8.83,7.56,8.42,2
스티븐 홉킨스,9.17,6.64,7.74,4
스티븐 힐렌버그,,6,8.75,1
스티펜 펭메이어,,4,5.83,1
스틴 코닝스,,6,7.53,1
스틸즈 화이트,6.7,2,5.79,1
스파이크 리,6.25,6.785,5.71,2
스파이크 존즈,8.68,8.067,8.51,3
시기노 아키라,,8.84,,1
시나가와 히로시,,7.03,,1
시노하라 테츠오,,5,8.02,1
시노하라 토시야,8.95,,,1
시드니 J. 퓨리,,8.16,,1
시드니 루멧,8,8,7.91,1
시드니 폴락,,7.43,,2
시라이시 카즈야,,6.97,,1
시라이시 코지,8.44,4.167,5.467,3
시모사와 신타로,6.37,3.67,6.34,1
시몬 베호벤,7.12,5.35,,1
시미즈 다카시,,5.73,5.27,4
시오타 아키히코,,6.35,,1
시오타니 나오요시,9.13,7.8,,2
시즈노 코분,8.74,6.854,8.805,5
신동엽,7.03,4.018,6.082,5
신동일,,7.05,6.8,1
신보 아키유키,8.45,4,8,1
신상옥,,8.24,,1
신수원,7.88,6.585,7.615,2
신연식,7.68,5.8,6.72,2
신재영,6.05,4,3.81,1
신정균,,5.51,,2
신정원,,6.42,6.685,3
신조 타케히코,,6.96,8.18,2
신진우,,4.55,,1
신카이 마코토,8.666,6.394,8.082,5
신태라,,5.207,7.41,3
신한솔,7.52,4.4,7.33,3
신혜성,,3.23,,1
실뱅 쇼메,8.72,7.165,8.76,2
실베스터 스탤론,,6.07,7.805,2
심광진,8.83,5.75,8.72,1
심상국,,6.05,7.81,1
심성보,7.25,6.29,6.84,1
심형래,,4.88,6.915,2
써니 럭,8.5,5.085,5.505,2
썬더 레빈,,5.25,,1
쏘어 프류덴탈,,5,7.83,1
아그네츠카 보토위츠 보슬루,,5.5,6.53,1
아그네츠카 홀란드,,8.707,,3
아넌드 터커,,4.5,8.31,1
아네스 자우이,,7.42,,1
아담 맥케이,8.09,7.29,8.43,1
아담 비머,,4,,1
아담 쉥크만,,6.89,8.2,2
아담 스핑크스,,3.43,,1
아담 추 ,6.47,5.32,,1
아더 힐러,,8.48,,1
아라마키 신지,7.06,6,7.58,1
아라키 테츠로 ,,7.22,,1
아람 라파포르트,,7.11,,1
아르노 데 팔리에르,8.15,7.83,7.78,1
아리 노박,,4.45,,1
아리 포신,7.97,5.4,8.68,1
아리스토미니스 처바스,,6,7.66,1
아리엘 브로멘,8.2,4,8,1
아리엘 슐만,,3,5.06,1
아미 카난 만,6.57,6.5,7.12,1
아미르 나데리,,6.44,8.17,1
아미르 칸,,6.5,9.3,1
아벨 페리,,5.6,5.77,1
아사토 마리,5.16,3.63,5.14,1
아소 마나부,,3.33,3.85,1
아시아 아르젠토,8.04,5.8,7.89,1
아시프 카파디아,9.12,6.195,9.145,2
아이삭 플로렌틴,,6.42,,1
아이작 에즈반,,7.75,,1
아쿠네 토모아키,8.8,6.33,8.4,1
아키야마 타카히코,,8.73,,1
아틱 라히미,,7.5,8.27,1
안국진,8.13,7.06,8.39,1
안권태,,6.955,6.95,2
안나 포에스터,,4.75,6.12,1
안노 히데아키,8.625,7.333,7.037,3
안느 퐁텐,8.67,8.91,,1
안도 마사히로,,7.17,9.08,1
안동희,,7.21,,1
안드레 외브레달,,6.26,,1
안드레스 무시에티,,6,7.82,1
안드레스 바이즈,,8.01,,1
안드레이 바르코비악,,3,7.08,1
안드레이 세큘라,,5.64,,1
안드레이 즈비아긴체프,8.19,8.44,7.95,1
안드레이 콘찰로프스키,,4,6.63,1
안드레이 타르코프스키,,7.45,,1
안드리아 아놀드,,7.63,6.22,1
안병기,,4.67,4.89,1
안상훈,7.875,5.093,6.705,3
안소니 C. 페란트,,3.69,,1
안소니 디브라시,,4.92,5.7,1
안소니 루세로,,7.77,,1
안소니 루소,8.83,7.5,8.68,1
안소니 밍겔라,9.19,8.585,,2
안소니 팽크하우저,,2.25,,1
안소니 힉콕스,,5.54,,1
안슬기,8,6.75,7.85,1
안용훈,8.11,4.13,7.66,1
안재훈,8.86,6.6,8.78,1
안젤리나 졸리,8.06,5.33,8.25,1
안진우,,6.38,,1
안철호,4.5,3.5,3.94,1
안톤 메게르디체브,,6.51,,2
안톤 코르빈,8.43,7.82,7.65,1
안톤 후쿠아,8.207,6.487,7.698,9
안티 조키넨,,3,6.93,1
안판석,,5.75,8.41,1
알란 모일,,7.08,,1
알랑 베베리앙,,6.88,,1
알래스테어 포더길,,8.5,8.63,1
알레한드로 곤잘레스 이냐리투,7.813,7.44,7.76,5
알레한드로 몬테베르드,9,6.25,8.9,1
알레한드로 아그레스티,,5,7.94,1
알레한드로 아메나바르,6.74,4.88,6.21,1
알렉 커시시언,,6,7.63,1
알렉산더 바흐,7.78,5.5,7.9,1
알렉산더 아야,,7.17,,1
알렉산더 윗,,8.02,,1
알렉산더 코페르,10,5.81,9.04,1
알렉산더 페인,,8.275,8.07,2
알렉산드르 보이틴스키,,7.17,,1
알렉산드르 부라프스키,,7.04,,1
알렉산드르 아야,6.33,7.08,7.31,2
알렉산드르 야킴추크,,2.94,9.28,1
알렉상드르 아자,,6.63,6.68,1
알렉상드르 헤보얀,8.3,7,8.38,1
알렉세이 트시칠린,7.725,8.115,,2
알렉스 가랜드,7.43,7.05,7.56,1
알렉스 드 라 이글레시아,,8.05,,1
알렉스 슈미트,,5.5,7.15,1
알렉스 켄드릭,,6.905,8.6,2
알렉스 프로야스,8.02,6.213,7.14,3
알렌 울프,,6.97,,1
알버트 휴즈,,4.79,7.11,1
알베르토 라투아다,10,10,,1
알베르토 로드리게즈,8.05,7.51,,2
알베르토 마리니,8,5.67,5.81,1
알폰소 아라우,,8,,1
알폰소 쿠아론,9.16,8.365,8.375,4
알프레드 히치콕,8,8.785,,2
압델라티프 케시시,8.95,8.2,8.84,1
압바스 키아로스타미,8.5,8.5,7.82,1
앙투와네트 베우머,,6,6.92,1
애덤 브룩스,,6,8.31,1
애덤 쉥크만,,7.3,7.51,2
애덤 윈가드,7.63,6,6.875,2
애드리안 라인,,8.135,,2
애드리언 그런버그,,7.69,,1
애론 노리스,,9.64,,1
애쉬 브래넌,8.54,7,8.64,1
앤 폰테인,,6.75,6.99,1
앤 플레쳐,,6.125,8.75,2
앤드루 데이비스,,9.03,,1
앤드류 니콜,,6.32,7.8,4
앤드류 더글러스,,7.12,,1
앤드류 버그먼,,7.96,,1
앤드류 스탠튼,8.62,7.635,8.443,4
앤드류 아담슨,,7.685,7.2,2
앤드류 애덤슨,,7.26,8.64,2
앤드류 카이트링거,,7.95,,1
앤드류 플레밍,,7.39,,1
앤드류 헤이,8.16,7.57,8.07,1
앤디 쳉,,6.38,,1
앤디 테넌트,,8.32,,1
앤디 픽맨,,4.5,8.89,1
앤디 해밀턴,7.83,5.6,7.99,1
앨런 테일러,8.12,6.135,8.06,2
앨런 파커,,8.315,,2
앨런 포울,,7.2,,1
앨런 화이트,,6.19,,1
앨리스터 그리어슨,,5.56,7.3,1
앨버트 파이언,,5.33,,1
야구치 시노부,9.25,7.403,9.005,3
야나기자와 테츠야,8.53,8.07,,1
야노 유이치로,,8.55,,1
야마다 아카네,,5,10,1
야마다 요지,8.31,6.64,8.455,2
야마모토 야스이치로,8.82,7.43,8.3,4
야마모토 키요시,,3,2.67,1
야마모토 토루,7.54,6.63,8.21,1
야마무로 타다요시,,5,6.18,1
야마시타 노부히로,7.88,6.07,7.677,3
야마시타 히로유키,9.59,9.25,,1
야마자키 타카시,8.137,6.557,7.983,3
야세민 삼데렐리,,9.44,,1
야자키 히토시,,7.91,,1
야쿠와 신노스케,8.94,9.04,,1
얀 디맨지,9,8.07,,1
얀 사뮤엘,,7.98,,1
얀 코마사,,6,8.07,1
양경모,8.83,5.67,8.53,1
양립국,,9.55,,1
양백견,,3.51,,1
양병간,8.91,8.78,,1
양야체,,7.06,7.54,1
양영철,,7.33,6.74,2
양우석,9.28,7.43,8.97,1
양윤호,,5.173,7.92,4
양익준,,7.68,9.21,1
양지은,8.5,5,7.85,1
어거스틴 디아즈 야네스,,8,,1
어빈 케쉬너,,9.13,,1
엄태화,8.24,7.07,7.93,2
에단 코엔,7.53,8.047,7.66,4
에단 호크,9.05,7,9.13,1
에두와르도 슐츠,7.81,8.05,,1
에드 게스-도넬리,,2.5,6.88,1
에드가 라이트,,7.25,7.7,1
에드워드 앤더슨,,4,,1
에드워드 즈윅,8.055,6.074,7.867,5
에란 크리비,7.85,4,8.1,1
에릭 다넬,8.67,7.085,8.855,2
에릭 라티고,8.73,6.81,8.8,1
에릭 반 루이,7.2,5,7.06,1
에릭 브레빅,,3,7.83,1
에릭 브레스,,9.21,,1
에릭 섬머,8.97,8.73,,1
에릭 우스터버그,,6.67,,1
에릭 포페,8.85,5.67,8.5,1
에릭 피티,,7.3,,1
에릭 하네조,7,5.71,6.36,1
에릭슨 코어,7.99,4,7.53,1
에밀 아돌리노,,7.605,8.92,2
에밀 에드윈 스미스,,2.62,,1
에바 두버네이,8.47,6.86,8.44,1
에스킬 보그트,8.5,6.67,7.65,1
에스펜 잔드베르크,,4.5,6.93,1
에이미 버그,8.25,5.69,7.37,1
엑셀 브라운,,5.665,,2
엔리코 클레리코 나시노,,5.5,,1
엔리크 가토,8.19,6,8.17,1
엘로리 엘카엠,,7.02,,1
엘리어트 레스터,,4.67,6.95,1
엘리자베스 뱅크스,8.62,5.75,7.45,1
엘모 누가넨,,8.3,,1
엘버트 반 스트리엔,,5.33,6.65,1
여균동,,6.02,5.39,2
여인영,8.78,6.195,8.68,2
연상호,7.665,7.58,7.177,5
연정모,3,3,3.71,1
엽위신,,5.665,8.227,4
예심 세즈긴,,4.58,,1
오기가미 나오코,8.75,6.917,8.335,3
오기현,,6,7.83,1
오기환,6.81,6.127,6.723,4
오덕환,,3.15,,1
오렌 펠리,,5.44,7.46,1
오리올 파울로,8.07,4.25,7.78,1
오멸,,8.86,6.13,1
오미보,9.19,7.875,8.78,2
오상훈,,7.25,,1
오석근,,5.4,7.87,1
오성윤,,7.15,8.89,1
오승욱,7.31,7.21,7.72,1
오시마 나기사,,6.82,,1
오시이 마모루,6,7.237,4.37,3
오영두,,6.2,4.53,1
오오네 히토시,8.64,7.17,8.44,2
오오타니 켄타로,,7.97,,1
오오타니 타로,,4.75,6.55,1
오오토모 케이시,9.345,6.967,8.16,4
오우삼,9.597,7.346,8.018,10
오이시 타츠야,8.73,8.47,,1
오인용,10,4.33,8.47,1
오인천,6.545,3.483,4.8,3
오자운,9,5.5,7.53,1
오중일,,2.16,,1
오중천,,7.33,,1
오즈 야스지로,9,9.12,,1
오치아이 마사유키,5.18,4.3,6.35,2
오키우라 히로유키,,6.56,8.11,1
오키타 슈이치,8.705,8.755,,2
오토모 가츠히로,,8.14,,1
올 파커,,6.81,8.78,1
올라턴드 오선샌미,,5,7.25,1
올레그 아사둘린,,4.28,,1
올리버 스톤,8.95,7.208,7.29,5
올리버 파커,,5.5,7.45,1
올리버 히르비겔,7.27,6.01,7.38,4
올리비에 다한,8.705,6.435,8.215,2
올리비에 메가턴,8.06,5.195,7.473,4
올리비에 아사야스,7.99,7.595,7.995,2
올리비에르 나카체,,6.83,9.33,1
옹자광,,10,,1
와타나베 신이치로,,9.06,,1
와타나베 아유무,,7,8.07,1
와타다 신야,7.68,4.66,7.7,1
왕가위,8.707,7.864,8.08,9
왕운비,8.13,5,8.29,1
왕자명,,5.05,,1
왕정,,8.71,,2
왕종,,8.03,,1
요네바야시 히로마사,8.72,7.165,8.46,2
요르고스 란티모스,8.22,7.64,7.97,1
요시다 다이하치,8.55,6.78,8.095,2
요시우라 야스히로,9,8.61,,1
요아킴 트리에,8.14,6.82,7.95,1
용이,,8.16,,1
우니 르콩트,,7.07,8.93,1
우다 코노스케,,5.67,8,1
우디 앨런,8.475,7.21,8.063,8
우문기,8.97,6.64,8.56,1
우민호,9.075,6.447,7.957,4
우베 볼,,7.4,,1
우베르토 파솔리니,8.47,6.5,9.04,1
우선호,,5.42,7.41,1
우얼샨,,5.15,,1
우인태,,7.252,8.29,4
울루 그로스바드,,8.52,,1
울리 에델,,3.65,6.2,1
울리히 사히들,,6.94,7.33,1
울리히 에델,,8.86,,1
원규,,7.915,,4
원석호,,7.03,,1
원신연,8.27,5.99,8.28,3
원태연,,4.5,8.36,1
원화평,,8.43,,2
월리 피스터,7.61,5.96,7.95,1
월터 살레스,,8.6,,1
월트 베커,8.43,3.5,8.29,1
웨스 볼,8.375,6.18,8.185,2
웨스 앤더슨,8.835,7.46,7.893,3
웨스 크레이븐,,6.277,6.495,3
웨이 더솅,,6.55,,1
웨이 리우,7.46,6,6.98,1
웨이-하오 청,7.5,6,6.17,1
웨인 쏜리,,6.84,8.72,1
위성준,6.09,6.19,,1
위트 스틸먼,7.58,7,7.49,1
윌 캐논,6.43,5.46,6.35,2
윌 핀,7.98,6,7.95,1
윌리암 H. 머시,8.68,6.15,8.73,1
윌리엄 말론,,7.17,,1
윌리엄 브렌트 벨,7.52,5.17,7.36,1
윌리엄 와일러,9.67,9.24,,1
윌리엄 유뱅크,6.55,6.19,6.36,1
윌리엄 프리드킨,,6.49,,2
유가량,,9.26,,1
유릭와이,,4,5.11,1
유선동,,3.335,6.33,2
유성엽,,6.15,9.25,1
유승택,6,5.32,7.97,2
유야마 쿠니히코,8.58,7.772,8.465,5
유영식,,8.15,,1
유위강,,7.963,7.34,3
유지니오 델베즈,8.57,5.67,8.58,1
유진위,,7.23,,3
유키사다 이사오,,8.2,,2
유하,7.76,6.932,7.482,6
유해진,,6.5,10,1
유현목,,6,,1
육상효,,6.02,7.165,2
윤가은,9.21,7.66,9.18,1
윤기형,,6.27,9.09,1
윤대이,,5.33,,1
윤성현,9.4,7.53,9.21,1
윤여창,,3,5.58,1
윤인호,,7.443,7.41,3
윤재구,6.89,3.71,5.41,1
윤재근,,5.63,7.54,1
윤제균,9.16,6.368,8.237,5
윤종빈,7.34,7.04,7.845,4
윤종석,,5.38,6.65,1
윤종찬,,6.543,7.885,3
윤준형,7.53,6.67,6.98,1
윤태용,,5.33,7.62,1
윤태윤,,4.67,8.11,1
융,8.92,6.8,8.95,1
이 리,,5,4.43,1
이가라시 타쿠야,9.5,,,1
이강림,,3.92,,1
이건동,,3.06,,1
이경규,,8.87,,1
이경미,7.01,6.92,6.525,2
이경호,8.68,6,8.74,1
이계벽,8.76,5.68,8.48,1
이광국,7.76,7.155,7.8,2
이광재,,5.79,7.87,1
이광훈,,5.12,,1
이권,6.7,5.9,5.67,2
이규만,,5.57,7.87,1
이근우,,6.38,8.19,1
이나정,9.08,6,8.95,1
이누도 잇신,8.75,6.95,8.75,4
이대희,,7,8.65,1
이덕희,,6,7.1,1
이도윤,7.45,6.29,7.76,1
이돈구,8.16,6,8.24,1
이동승,,5.9,7.38,1
이동하,9.7,6.5,9.23,1
이동현,,5.62,,1
이동희,7,6.62,,1
이두용,,8.4,,1
이두환,6.25,4.33,7.51,1
이두희,,5.74,,1
이마오카 신지,,5.4,,1
이명세,8.5,7.247,5.885,3
이무영,,5.79,,1
이미연,,8.73,,1
이바노 데 마테오,8.74,7.15,8.47,1
이반 라이트만,8.18,5.825,7.87,2
이반 엔글러,,5.96,,1
이병일,,6.5,,1
이병헌,8.6,5.88,7.67,1
이브 로베르,,9.26,,1
이삭 가바에프,,2.84,,1
이상기,,4.67,7.55,1
이상민,9.77,7,7.96,1
이상빈,,3.6,,1
이상용,,2.67,5.07,1
이상우,,5.507,5.59,3
이상일,8.74,8.053,7.74,3
이상호,9.57,6.5,6.41,1
이상화,,4.07,,1
이상훈,,4,6.07,1
이서,5.99,4.25,6.54,2
이서군,,5.58,7.37,1
이석훈,8.59,5.32,7.936,5
이성강,8.955,6.717,8.26,3
이성은,,6.5,4.78,1
이성태,7.89,5.44,6.11,1
이성한,,6.25,9.27,1
이세야 유스케,,5,7,1
이소현,9.24,6,9.49,1
이송희일,8.805,6.825,7.815,2
이수성,6.15,2.5,4.65,2
이수연,6.63,6.325,6.57,2
이수진,8.57,7.78,8.78,1
이숭환,,3.76,,1
이승무,,5.42,5.94,1
이시다테 타이치,9.1,8.86,,1
이시명,,8.01,,1
이시이 카츠히토,,7.08,,1
이시하라 타츠야,8.66,7.79,9.05,3
이시하마 마사시,8.77,7.97,,1
이안,9.67,7.793,8.405,6
이안 샤프,,8.17,,1
이안 소프틀리,,5,5.97,1
이언 소프트리,,4.67,7.81,1
이언희,8.53,7.167,8.34,3
이연우,7.54,6.07,8.015,2
이영미,,5.5,7.62,1
이영민,9,7.97,,1
이영준,7.58,7.56,,1
이와사키 토모코,,1.26,,1
이와이 슌지,8.654,7.87,8.23,8
이요섭,8.42,6.28,8.46,1
이용민,,7.88,,1
이용승,8,6.7,8.88,1
이용주,10,7.22,8.265,2
이우철,5.95,5.05,6.17,1
이원석,7.79,6.045,7.305,2
이원세,,7.67,,1
이원식,9.8,5.58,7.8,1
이윤기,7.55,6.575,7.17,4
이윤정,6.76,4.36,6.72,1
이윤호,10,8.67,,1
이은희,8.94,5.5,8.79,1
이인항,8.62,5.652,6.893,5
이일하,9.12,6.41,8.61,1
이일형,8.56,5.94,7.95,1
이장호,8.82,6,4.46,1
이재규,7.43,5.64,7.06,1
이재용,7.98,6.872,6.052,6
이재한,8.7,5.566,7.833,5
이정국,,8.6,,1
이정범,6.82,5.613,7.603,3
이정욱,,8.5,,1
이정원,,6.32,,1
이정철,,5.17,8.6,1
이정향,,9.07,,2
이정호,7.49,6.22,7.66,2
이정황,,6,5.86,1
이제락,5,3.81,,1
이종용,,3.3,4.58,1
이종필,7.675,6.283,6.79,3
이종훈,5.63,3,5.4,1
이주영,8.03,5.63,8.12,1
이주형,,7,8.22,1
이준익,8.835,7.075,8.44,10
이즈츠 카즈유키,,8,8.79,1
이지 바르타,,7.41,,1
이지승,8.915,6.625,7.255,2
이지호,,6,7.08,1
이진석,,8.09,,1
이진혁,,5,9.14,1
이찬욱,,3.46,,1
이창동,,8.802,8.34,5
이창열,6.38,4.17,5.66,1
이창재,9.03,7.19,9.11,1
이창준,8.67,6.66,8.71,1
이철하,8.03,4.313,6.913,3
이체,,7.04,,1
이충렬,,6.82,8.69,1
이치카와 준,,8.01,,1
이토 토모히코,9.27,8.98,,1
이하,,5.86,4.775,2
이한,8.37,5.983,7.908,6
이해영,6.46,6.9,7.32,3
이해준,7.38,6.9,7.99,2
이혁수,,8.82,,1
이혁종,5,3,5.97,1
이현세,,6.55,,1
이현승,,7.58,7.09,3
이현종,,3.33,6.66,1
이현주,8.94,7,8.75,1
이현하,7.89,4,7.69,1
이형민,,4,8.63,1
이형선,,5.33,6.37,1
이호재,8.25,6.765,8.525,2
이홍기,8.25,5.5,7.14,1
이환경,,5.867,8.655,3
이훈,,7.18,,1
이훈규,8.62,6.67,8.26,1
일라이 로스,5.68,5.5,5.895,2
일리야 나이슐러,6.77,7.25,7.11,1
임경수,,5.5,5.635,2
임경원,,9.3,,1
임권택,7.34,7.902,6.77,8
임대웅,9.24,4.37,8.45,2
임상수,5.46,6.698,5.737,5
임상윤,,5.81,6.37,1
임성구,9.21,9.31,,1
임순례,8.32,7.433,8.06,3
임영동,,7.41,,1
임유철,9.39,6.55,9.3,1
임정하,9.43,6,9.34,1
임진순,,5.33,6.9,1
임진승,,3.49,,2
임찬상,8.39,6.9,8.02,2
임찬익,,5.9,7.74,1
임필성,6.56,5.223,7.19,3
임흥순,9.01,7.81,8.84,1
잉마르 베리만,,9,8.52,1
자레드 콘,,6.825,,2
자릴 라스페르,7.98,6.13,7.34,1
자비에 돌란,8.388,6.892,8.184,5
자비에르 루이즈 칼데라,,5.5,,1
자비에르 젠스,,5.5,7.45,2
자움 콜렛 세라,8.157,6.178,8.128,6
자카리 라멜란,,3.86,,1
자코 반 도마엘,7.32,6.805,7.695,2
자크 리베트,8.25,7.21,,1
자크 오디아드,7.79,7.5,7.71,1
자크 오디아르,9,7.885,8.05,2
자크 타티,9.29,8.68,,1
자크 헬름,,5,5.07,1
장 마크 발레,8.583,7.234,8.465,5
장 자크 아노,8.87,8.5,9.02,2
장 피에르 다르덴,8.68,8.47,8.56,1
장 피에르 아메리,,4.67,8.14,1
장-클로드 브리소,,6.33,5.81,1
장-폴 라프노,,9.08,,1
장-피에르 다르덴,8.64,8.75,8.54,1
장-피에르 주네,9.4,7.403,8.585,3
장건재,8.24,7.79,7.81,1
장규성,,6.317,7.22,4
장길수,9,8.875,,2
장뢰,,4.225,,2
장률,8.13,6.853,6.743,3
장문일,5.63,5.277,6.42,3
장선우,,3.96,,1
장영치,,7,8.79,1
장예모,5,8.082,7.54,4
장유정,,5.66,8.28,1
장윤현,9,6.13,7.195,4
장이머우,7.72,5.558,8.285,4
장재현,8.55,6.23,8.31,1
장준환,,8,7.82,2
장지량,,6.225,7.3,2
장진,7.71,6.427,7.457,6
장철수,,6.38,7.895,2
장하오,7.95,5.75,7.34,1
장항준,,7.45,,1
장현상,8.77,6.21,7.74,1
장현수,,6.55,,1
장훈,,5.772,8.803,4
장희선,9.38,6,5.09,1
재커리 도노휴,8,6.65,,1
잭 브라프,8.3,5,7.91,1
잭 스나이더,7.16,5.854,7.557,7
쟝 드봉,,9.09,,1
저스틴 리어든,7.39,8.17,,1
저스틴 린,8.47,6.243,8.673,3
저스틴 커젤,7.66,6.405,7.515,2
전계수,,6.79,6.66,1
전만배,,4,5.67,1
전용택,,7,7.54,1
전윤수,7.81,5.017,7.82,3
전인환,9.44,6,8.87,1
전재홍,8.5,5.423,6.86,3
전형준,7.35,5.63,6.98,1
정 바오루이,8.75,5.235,5.83,2
정가영,8.89,6.2,7.28,1
정건조,,6.74,,1
정근섭,,6.42,8.54,1
정기훈,7.96,5.903,8.227,3
정길영,,5,6.85,1
정다원,9.04,8.05,,1
정단우,7.67,7.52,,1
정대만,,5.5,,1
정도수,,7.82,,1
정범식,6.98,5.065,6.54,2
정병길,,6.69,8.49,1
정성,,7,6.95,1
정성복,8.89,9.16,,1
정세교,6.43,6,4.84,1
정소동,9.45,7.59,6.96,5
정승구,,4.25,4.85,2
정식,,6.38,7.47,1
정연식,,6.09,6.3,1
정영배,1,6.09,,1
정용기,,5.344,6.905,5
정용택,9.33,6.5,9.08,1
정우철,,3.75,7.01,1
정윤석,7.51,7.11,6.19,1
정윤수,,5.75,5.04,1
정윤철,,7.01,7.56,3
정익환,,4.96,7.08,1
정인철,,6.43,,1
정재웅,7.33,4.5,5.39,1
정재은,8.25,8.083,7.37,3
정정화,,6,7.54,1
정종훈,,4.5,6.75,1
정주리,7.27,6.82,7.49,1
정지영,,7.903,8.03,3
정지우,9.36,6.725,7.388,4
정초신,,2.99,,1
정태원,,3.5,4.13,1
정흥순,,6.7,,1
정희성,6.41,4,5.77,1
제니퍼 드볼데르,,7.38,,1
제니퍼 플랙켓,,5.33,6.16,1
제라르 코르비오,,9.07,,1
제라르 피레스,,3,5.09,1
제레미 M. 인맨,,6.62,,1
제레미 레벤,,8.51,,1
제레미 버그,,5.275,,2
제리 주커,,8.075,,2
제시 넬슨,,9.29,,1
제시 페레츠,8,6.4,8.54,1
제이 러셀,,8.12,,1
제이 로치,8.74,7.6,8.82,1
제이슨 라이트먼,,7.23,8.18,2
제이슨 무어,,7,7.99,1
제이슨 자다,7.6,3,5.16,1
제이슨 프리드버그,,5.61,,1
제이콥 아론 이스터스,,6,7.74,1
제이크 슈레이어,,6.68,6.92,1
제인 캠피온,9.6,8.84,,1
제임스 L. 브룩스,,9.06,,1
제임스 건,8.64,6.885,8.56,2
제임스 그레이,7.83,7.75,7.92,2
제임스 넌,,6.13,,1
제임스 드모나코,7.51,4.79,5.885,2
제임스 마쉬,8,7.03,7.85,1
제임스 매더,,5,6.41,1
제임스 맥티그,,5.725,8.45,2
제임스 맨골드,8.93,7.258,7.85,5
제임스 밴더빌트,8.51,6.31,8.68,1
제임스 보빈,8.47,5.75,8.34,1
제임스 완,8.775,6.509,7.968,7
제임스 왓킨스,8.44,5.75,7.17,2
제임스 왕,,6,7.05,1
제임스 최,9.67,8.62,,1
제임스 카메론,9.9,9.366,9.15,5
제임스 캐머런,,8.825,,2
제임스 켄트,9.24,5.63,8.55,1
제임스 콘델릭,,3.3,,1
제임스 폴리,7.77,4.955,7.6,2
제제 타카히사,,5.36,,1
제프 니콜스,8.19,7.25,8.29,2
제프 렌프로,,6.09,,1
제프 버,,8.2,,1
제프 와드로,,5.33,8.62,1
젠디 타타코브스키,8.62,6.29,8.415,2
젬 코엔,7.93,6.67,7.71,1
조 R. 카사베티스,,8.03,,1
조 라이트,8.2,6.54,7.773,4
조 루소,8.83,7.28,8.91,1
조 린치,4,0,4.86,1
조 존스톤,,7.49,7.37,3
조 카나한,,5.303,7.827,3
조경훈,,7.05,,1
조규장,7.87,5.31,6.56,1
조근식,5.55,6.09,2.88,2
조근현,8.67,5.825,7.58,2
조나단 글레이저,7.67,7.75,6.01,1
조나단 데이턴,,7.67,8.95,1
조나단 드미,,8.81,,2
조나단 레빈,,6.74,8.41,2
조나단 리브스만,8.07,5.202,7.357,4
조나단 린,,6.385,7.65,2
조나단 모스토우,,7.805,7.43,4
조나단 자쿠보위즈,8.43,6,8.09,1
조나단 카프란,,8.38,,1
조나스 쿠아론,10,5.67,6.01,1
조던 복트-로버츠,8.14,6,7.95,1
조던 스콧,,6.65,7.63,1
조동오,,5.97,6.7,2
조디 포스터,8.44,5.88,7.85,1
조르단 골드나델,,10,,1
조르디 롬파르트,9.1,4.98,7.79,2
조림산,,4,6.56,1
조명남,,6.21,6.28,2
조민호,,4.84,6.53,2
조범구,8.4,5.935,7.96,2
조병옥,,6.5,7.15,1
조비 해롤드,,6.88,,1
조성규,8.667,5.105,8.067,4
조성우,,7,,1
조성은,7.91,5.75,8.05,1
조성희,8.24,6.717,7.54,3
조세래,6.92,6.17,8.1,1
조세프 루스낵,,8.58,,1
조셀린 무어하우스,8,6.4,8.03,1
조셉 고든 레빗,8.4,6.81,7.79,1
조셉 루벤,,4.35,,1
조셉 빌스마이어,,8.5,,1
조셉 코신스키,,6.155,7.75,2
조쉬 C. 월러,,4.41,,1
조쉬 분,7.89,5.45,8.475,2
조쉬 트랭크,5.68,4.585,5.9,2
조슈아 마이클 스턴,,5.08,7.26,1
조스 웨던,8.59,7.335,8.555,2
조엘 노보아,,5,6.66,1
조엘 슈마허,8.85,8.49,,3
조엘 에저튼,7.89,6.81,7.56,1
조엘 코엔,8.28,7.75,7.26,4
조용선,,4.5,7.59,1
조은성,9,6,7.55,1
조의석,8.66,6.493,7.95,3
조재민,8.04,6,8.48,1
조재현,6.43,6.33,6.54,1
조정래,9.335,6.1,7.98,2
조지 놀피,,5.75,7.17,1
조지 로이 힐,,9.235,,2
조지 루카스,,7.635,7.93,4
조지 루크,9.43,9.05,,1
조지 밀러,8.85,8.52,8.75,3
조지 스티븐스,,9.11,,1
조진규,,6.787,7.81,3
조진모,,5.18,8.6,1
조창호,8.2,5.375,5.39,2
조천우,,5.1,,1
조치언,8.64,5.38,8.57,1
조치엔,,6.26,,1
존 G. 아빌드센,,8.93,,3
존 R. 레오네티,7.09,3,6.94,1
존 S. 베어드,,6,7.79,1
존 V. 놀즈,,8.13,,1
존 V. 소토,,5.65,,1
존 거틴즈,,6.25,8.86,1
존 건,9.11,4,8.46,1
존 걸레거,,4.31,4.9,1
존 길러민,,8.655,,2
존 달,,7.67,,1
존 드레버,,5.53,,1
존 라세터,,8.375,8.13,4
존 라이트,,5.645,,2
존 루카스,,6.24,,1
존 리 행콕,,7.525,9.3,2
존 말루프,8.41,6.39,8.39,1
존 매든,9.2,6.5,9.39,1
존 맥켄지,,8,,1
존 맥클린,8.17,7.75,7.85,1
존 맥티어난,,9.205,,2
존 머스커,,9.33,,1
존 메이버리,,4,8.29,1
존 무어,,6.117,6.03,4
존 밀리어스,,8.28,,1
존 바담,9.33,8.405,,2
존 바움가트너,,2.56,,1
존 부어만,,6.24,,1
존 브루노,,8.24,,1
존 스터지스,,8.94,,1
존 스톡웰,,5.637,6.35,3
존 싱글톤,,5.933,7.185,3
존 아미엘,,8.24,,1
존 에릭 도들,8.14,5.75,7.46,2
존 에어스,,6.31,,1
존 웨인,,5.67,,1
존 웰스,7.91,5.67,6.97,1
존 추,8.53,6.047,8.18,4
존 카니,9.033,6.72,9.007,3
존 카펜터,,7.57,,1
존 캐머런 밋첼,,9.14,,1
존 커랜,,5.6,8.57,1
존 크로울리,8.4,7.635,8.475,2
존 크로키다스,8.25,6.2,8.19,1
존 터투로,7.92,5.9,7.66,1
존 터틀타웁,8.65,7.245,8.315,4
존 파브로,8.655,5.978,7.837,6
존 패트릭 샌리,,8.21,8.57,1
존 포그,7.27,4,6.73,1
존 폴리퀸,10,4,6.55,1
존 프랑켄하이머,,7.41,,1
존 허위츠,,8.13,,1
존 헤이,,7.045,,2
존 휴스턴,,9.17,,1
존 힐코트,6.21,6.37,8.027,3
죠 단테,,8.52,,1
주걸륜,9.16,5.67,9.27,1
주격태,9,8.1,,1
주드 아패토우,7.97,7.33,6.5,1
주성치,8.07,7.242,7.97,5
주연평,,6.885,,2
주지홍,8.4,6,8.06,1
줄리 테이머,,5,7.84,1
줄리아 리,,5,5.03,1
줄리아 폰 하인츠,8.27,6,8.16,1
줄리앙 람발디,8.83,6,9.13,1
줄리앙 마그넷,,4,7.41,1
줄리어스 에이버리,3.5,4.25,6.95,1
줄리언 길베이,,6.29,,1
줄리언 재롤드,,6,8.56,1
쥬세페 토르나토레,9,7.693,8.897,4
지길웅,,3,6.45,1
지나 프린스-바이스우드,7.29,6.5,7.2,1
지아 장 커,8.04,8.11,8.26,1
지오르고스 란디모스,,6.71,7.09,1
지헌,,5.07,,1
진 켈리,,9.32,,1
진 퀸타노,,7.46,,1
진-밥티스트 레오네티,8.45,5.38,7.31,1
진가상,,6.293,7.54,3
진가신,,7.683,7.69,4
진광교,,7.34,7.39,2
진국부,,7,8.73,1
진덕삼,,4,6.61,1
진모영,9.16,6,9.23,1
진목승,,7.713,7.3,6
진승현,,6.26,,1
진회의,,9.17,,1
질 미무니,8.6,8.91,,1
질 부르도스,7.72,6.32,7.41,1
질스 파겟-브레너,7.25,6,7.65,1
짐 맥브라이드,,7.79,,1
짐 미클,,7.67,,1
짐 셔먼,9.08,9,8.59,1
짐 쉐리단,,7.855,8.21,2
짐 자무쉬,9.01,7.933,7.79,3
쯔씽 쫑,7.71,5,7.94,1
차이밍량,8.57,8.04,,1
찰리 채플린,9.777,9.253,9.3,3
찰리 카우프만,7.77,7.67,7.46,1
찰스 가드,,4.88,6.85,1
찰스 비나메,7.56,5.35,7.6,1
찰스 퍼거슨,,7.92,9.19,1
찰스 허먼 움펠드 ,,6.16,,1
창감독,8.355,5.013,7.69,3
채길병,,6.26,,1
채두병,8.37,4.42,7.52,1
척 러셀,,9.19,,1
척 파워스,7.36,5,8.16,1
천성일,7.17,5.83,6.37,1
천카이거,9.8,7.225,5.63,2
청펀펀,7.33,6.25,9,1
첸 카이거,,4.6,4.71,1
최경석,8.04,4.67,8.55,1
최국희,9.15,6.38,9,1
최동훈,9.1,7.14,8.463,5
최무연,,7.25,,1
최상훈,,4.71,,1
최석원,,4.91,,1
최승연,8.8,6.88,7.17,1
최승호,9.6,5.835,8.365,2
최양일,,7.15,3.67,2
최우성,,6.015,,2
최윤석,8.49,8.42,,1
최율권희,,8.63,,1
최익환,,5.54,7.66,2
최재후,,7.34,,1
최정열,8.54,5.75,7.96,1
최종운,,5.67,8.06,1
최종태,,6.28,,1
최종현,,7.14,,1
최진성,,6.28,7.39,1
최진원,,5.5,7.74,1
최진호,,6.64,7.5,1
최현묵,,5,9.36,1
최형렬,,4.68,,1
최호,7.82,6.607,7.337,4
추상록,10,3,8.58,1
추창민,,6.84,8.933,4
츠츠미 유키히코,7.45,5.833,6.795,3
카네다 오사무,8.39,7.63,,1
카네코 슈스케,,7.68,,2
카란 조하르,,5.75,9.29,1
카를레스 토렌스,7.22,6.54,,1
카를로스 살다나,7.95,7,8.29,1
카메가키 하지메,8.51,5,8.84,1
카메론 크로우,,8.183,8.89,3
카미야마 켄지,,8.51,,1
카밀 들라마레,7.61,3.5,6.55,1
카스퍼 바포드,,4,6.87,1
카와무라 야스히로,,6.5,8.9,1
카와무라 토모히로,8.86,5,8.59,1
카일 발다,8.25,5.63,7.94,1
칸 테츠,,4.14,,1
캐럴 리드,,9,,1
캐리 후쿠나가,7,7.54,7.69,1
캐머런 맥킨토시,9.77,6.67,9.33,1
캐서린 하드윅,,5.29,7.43,2
캐스린 비글로우,,8.355,8.26,4
캐시 워커,,7.2,,1
캣 코이로,,6.83,,1
커스틴 쉐리단,,5,9,1
커크 드 미코,,7.58,9.24,1
커크 존스,8.54,4.585,8.01,2
커트 위머,,6.66,5.7,2
커티스 핸슨,,8.88,,1
케네스 로너건,8.89,7.75,8.78,1
케네스 브래너,7.56,5.837,7.677,3
케니 오테가,,6.475,9.255,2
케리 코란,,4.82,,1
케빈 고츠,6.21,1,6.91,1
케빈 그루터트,,4.105,7.235,2
케빈 레이놀즈,8.92,7.26,8.37,2
케빈 리마,,7.65,8.99,2
케빈 먼로,7.96,5,7.93,1
케빈 스미스,,6.465,,2
케빈 스페이시,,6,8.47,1
케빈 코스트너,,5.5,7.37,1
케이트 쇼트랜드,,8.21,,1
켄 로치,8.96,7.967,8.633,3
켄 스콧,,8.55,,1
켄 콰피스,,5.93,7.68,1
켄모치 사토시,,6,8.8,1
켈리 애스버리,,9.3,,1
코나카 카즈야,,6.33,8.65,1
코너 알린,,3.15,,1
코다마 켄지,,9.26,,1
코르넬 문드럭초,8.91,6.9,7.3,1
코바야시 츠네오,8.95,8.71,,1
코이즈미 노리히로,9.56,5.1,8.04,2
코이즈미 타카시,,6,8.78,1
코이케 타케시,,7.25,8.16,1
코지마 마사유키,8.92,6,8.98,1
콘도 요시후미,,7,9.12,1
콜린 미니한,,5.12,,1
콜린 스트로즈,,3.815,6.045,2
콜린 트레보로우,8.26,6.63,7.89,1
쿄고쿠 타카히코,9.33,8.53,,1
쿠보오카 토시유키,,7.66,8.66,1
쿠엔틴 타란티노,8.82,8.158,7.936,8
쿠와바라 사토시,9,8.9,,1
크레이그 조벨,10,5.51,,1
크레이그 질레스피,,7,8.07,1
크리스 고락,,4.63,5.78,1
크리스 나혼,,3.7,4.93,1
크리스 나흔,,8.53,,1
크리스 누난,,9.1,,1
크리스 리노드,8.67,6.67,8.58,1
크리스 맥케이,8.73,6.5,8.67,1
크리스 밀러,,6.13,8.41,1
크리스 벅,9.2,7.32,9.12,1
크리스 블레인,2,6.33,7.38,1
크리스 웨이츠,,6.803,6.42,3
크리스 웨지,,7.86,8.625,3
크리스 켄티스,,5.6,3.82,2
크리스 콜럼버스,7.81,8.138,7.49,9
크리스토퍼 놀란,9.39,7.987,9.03,8
크리스토퍼 맥쿼리,8.81,6.985,8,2
크리스토퍼 모리스,,6.39,,1
크리스토퍼 스미스,,5,4.23,1
크리스토퍼 스펜서,8.41,6.63,7.93,1
크리스토퍼 파라티에,,9.31,,1
크리스토프 갱스,,6,7.63,1
크리스토프 오노레,,6.92,7.39,1
크리스티아노 보르토네,7,7.13,9.05,1
크리스티안 디터,7.97,5,7.68,1
크리스티안 레브링,7.31,6.32,7.71,1
크리스티안 문쥬,,7.75,7.38,1
크리스티앙 데마르,8.67,6.72,7.85,1
크리스티앙 드 비타,7,5,8.12,1
크리스티앙 벵상,8.33,7.17,7.91,1
크리스티앙 알바트,,4.67,8.2,1
크쥐시토프 키에슬로프스키,9.08,9,8.43,1
크지슈토프 키에슬로프스키,9.14,8.51,,1
클레어 드니,7,7,5.93,1
클레이 케이티스,8.42,6,8.3,1
클로드 바라스,7.99,7.25,8.04,1
클로드 피노토,7.67,8.13,8.12,1
클린트 이스트우드,8.998,7.999,8.555,11
키넌 아이버리 웨이언스,,8.64,,1
키리야 카즈아키,8.14,5.13,6.94,1
키세 카즈치카,6,6.065,6.94,2
키스 아렘,,4.24,,1
키시 세이지,9.26,8.53,,1
키에란 멀로니,,8,,1
키오니 왁스먼,,6.47,,1
키타가와 에리코,,6.6,7.15,1
킴 누옌,8.17,6.5,7.94,1
킴 파란트,5.5,5.25,5.71,1
킴벌리 피어스,,9,,1
타니아 웩슬러,,6.46,8.01,1
타셈 싱,7.81,5.253,7.22,3
타카하시 시게하루,8.59,5.5,8.58,2
타카하시 와타루,8.48,7,9.08,1
타케 마사하루,8.6,7.37,8.61,2
타케모토 야스히로,9.5,5.33,9.2,1
타케우치 히데키,,5.95,6.19,1
타키모토 토모유키,,7.08,,1
타키타 요지로,,7,9.01,1
탁승오,,6.89,,1
테라모토 유키요,,8.9,,1
테렌스 맬릭,7.92,5.703,6.777,3
테렌스 영,,7.78,,1
테론 R. 팔슨즈,,5.07,,1
테리 길리암,,8.86,,1
테리 길리엄,7.9,5.773,5.917,3
테리 재스트로,,3.5,6.83,1
테리 조지,,7,9.09,1
테리 존스,6.85,4.95,6.69,1
테아 샤록,8.78,5,8.53,1
테이트 테일러,7.43,5.92,8.455,2
테일러 핵포드,,8.96,,1
텐진 체탄 초클리,8.69,9.39,,1
토니 길로이,,6.645,6.83,2
토니 밴크로프트,,9.24,,1
토니 빌,,5,8.17,1
토니 스콧,,7.98,8.375,8
토니 케이,8.6,6.64,8.87,1
토니오 잔가르디,,6.29,,1
토드 윌리엄스,5.45,4.31,4.44,1
토드 필드,,8.15,,1
토드 필립스,,6.74,7.15,2
토드 헤인즈,8.615,8.77,8.53,2
토마스 델라 벨라,,3.18,,1
토마스 맥카시,8.375,6.47,8.215,2
토마스 비더게인,7.75,7,8.8,1
토마스 빈터베르그,7.93,7.215,8.63,2
토마스 샤피로,,5.85,,1
토마스 알프레드슨,7,8.015,8.345,2
토머스 얀,10,7.88,9.11,1
토미 리 존스,8.855,8.18,7.33,2
토미 위르콜라,,5.69,7.56,1
토브 후퍼,,7.64,,1
토비 윌킨스,,3.875,5.565,2
토비 젠켈,8.38,6.16,8.3,1
톰 그린,,4.5,,1
톰 듀이,,7.185,,2
톰 맥그라스,,6.71,8.77,1
톰 무어,9.03,6.5,9.03,1
톰 브래디,,8.23,,1
톰 새디악,,8.012,7.94,4
톰 티크베어,9,5.785,7.09,2
톰 포드,8.545,6.645,8.31,2
톰 홀랜드,,8.88,,1
톰 후퍼,9.445,7.023,8.503,3
트란 안 훙,,4.985,4.39,2
트래비스 나이트,8.56,6.7,8.25,1
트래비스 클러프,6.24,3.33,6.86,1
트래비스 파인,8.91,5.67,8.97,1
트레버 넌,,9.45,,1
트레버 월,8.22,5,7.78,1
트레비스 포트,,2.85,,1
트룩 찰리 뉴엔,,7.81,,1
트리시 시에,8.3,4.5,8,1
티무르 베크맘베토브,8.47,5.223,7.76,3
티파니 슝,9.84,7.33,9.6,1
틴토 브라스,,6.57,,1
틸 슈바이거,,5.75,,1
팀 맥칸라이즈,,9.03,,1
팀 밀러,8.53,6.89,8.21,1
팀 버튼,8.65,7.602,7.754,12
팀 블레이크 넬슨,9.25,5.5,7.56,1
팀 스토리,,4.5,5.6,1
팀 존슨,8.46,6.775,8.375,2
파룩 악소이,,5,,1
파벨 포리코브스키,8.78,7.275,6.985,2
파블로 라라인,7.41,6.4,7.12,1
파블로 트라페로,8.52,7.42,7.09,1
파스칼 로지에,,7.08,6.47,1
파스칼 쇼메유,,6.25,7.56,1
파올로 소렌티노,8.155,7.01,8.077,3
파우스토 브리찌,,6.825,8.9,2
파윈 푸리킷판야,,3.57,,1
파코 카베자스,,4.5,7.14,1
파트릭 알레산드렝,,6.25,7.82,1
파티 아킨,,8.24,,1
패디 브레스내치,8.67,6.5,8.86,1
패트리시아 리건,9.22,5.375,8.435,2
패트릭 루지어,,5,6.42,2
패트릭 휴즈,8.13,5,7.93,1
퍼시 애들론,8.99,7.5,9.02,1
펑샤오강,,5.69,7.455,2
펑천,9.41,6,9.12,1
페니 마샬,,8.66,,1
페데 알바레즈,8.43,7.04,8.02,1
페드로 알모도바르,8.25,6.605,8.035,2
페르난도 메이렐레스,,7.067,7.993,3
페이튼 리드,8.71,7.258,8.735,4
포아드 미카티,6,4.5,6.84,1
폴 그린그래스,8.4,7.117,8.402,6
폴 맥기건,8.83,4.585,7.6,2
폴 버호벤,,7.07,8.84,2
폴 슈레이더,,7.96,,1
폴 슬레딴느,,7.03,,1
폴 앤더슨,7.96,6.594,7.69,7
폴 앤드류 윌리엄스,8.5,6,8.46,1
폴 웨이츠,,6,7.84,1
폴 킹,8.76,6.64,8.58,1
폴 탠터,,3.43,,1
폴 토마스 앤더슨,8.75,8.21,8.52,3
폴 티비트,7.92,5.5,8.38,1
폴 페이그,8.54,6.897,7.973,3
폴 해기스,,5.94,8.24,2
표도르 본다르추크,,7,7.57,1
풍덕륜,,4,6.89,1
프라챠 핀카엡,,6.675,8.29,2
프란시스 로렌스,7.6,7.166,7.83,5
프란시스 포드 코폴라,,8.618,9.215,5
프란체스카 뮤시,,10,,1
프란체스코 친퀘마니,,3.62,,1
프랑소와 오종,,7.8,7.14,1
프랑소와 트뤼포,8.31,8.75,8.2,1
프랭크 다라본트,9.88,8.36,8.31,3
프랭크 드 펠리타,,9.12,,1
프랭크 마샬,,6.705,9.24,2
프랭크 밀러,7.25,7.48,6.67,2
프랭크 월리,,8.44,,1
프랭크 코라치,,7.137,9.13,3
프랭클린 J. 샤프너,9.33,9.17,,1
프랭키 첸,9.5,6.8,8.81,1
프레드 올렌 레이,,4.71,,1
프레드 진네만,,8.81,,1
프레드릭 본드,6.8,4,7.35,1
플렉스 할그렌,8.17,6.79,7.81,1
플로렝 에밀리오 시리,,7.375,,2
플로리안 헨켈 폰 도너스마르크,,6.265,7.585,2
피 제이 호건,,5.29,7.06,1
피에르 꼬팽,,6.54,8.915,2
피에르 데셤프스,8.43,5.8,8.26,1
피에르 모렐,6.83,5.443,8.243,3
피터 C. 스펜서,9.33,9.41,,1
피터 가이거,,2.28,,1
피터 램지,,6.75,9.14,1
피터 레페니오티스,7.33,7,6.66,1
피터 로드,,8.63,,1
피터 버그,8.795,5.248,8.298,5
피터 손,8.92,6.22,8.78,1
피터 솔레트,8.48,6.5,8.2,1
피터 시걸,,8,,2
피터 애튼시오,,4.55,,1
피터 엥거트,,6.7,,1
피터 웨버,,5.117,6.95,3
피터 위어,9.57,8.363,9.38,4
피터 잭슨,8.815,7.812,8.194,8
피터 첼섬,8.505,6.937,8.29,3
피터 첼솜,,8.15,,1
피터 콘웰,,4.56,7.17,1
피터 패럴리,,8.57,,1
피터 플린스,,5.48,,1
피터 헤지스,,5.67,8.23,1
피터 호윗,,7.455,,2
피터 호튼,,9.35,,1
피터 휴잇,,7.32,,1
피토프,,5.5,,1
피트 닥터,9.04,8.51,9.175,3
피트 트레비스,,6.165,7.57,2
필 로드,8.42,7.2,8.46,1
필 모리슨,,7,7.16,1
필 알덴 로빈슨,8.58,8.28,,2
필 티페트,,3.17,,1
필리다 로이드,,6.84,8.17,2
필리프 카델바흐,,9.18,,1
필리프 팔라도,9.56,5.5,9.03,1
필립 가렐,7.44,7.4,7.22,1
필립 노이스,7.87,6.15,7.825,3
필립 드 쇼브홍,8.56,6.5,8.23,1
필립 슈톨츨,,5,6.27,1
하기호,7.51,5.46,6.49,2
하길종,,8.96,,1
하나도 준지,,3.5,7.62,1
하나부사 츠토무,3.86,5.113,4.605,3
하네스 홀름,9.04,6.86,9.14,1
하라 케이노스케,,6,7.5,1
하라 케이이치,7.5,7.185,8.93,2
하라다 마사토,8,4,4.05,1
하명중,,6.94,,1
하모니 코린,,5.5,6.08,1
하몽화,,9,,1
하비에르 페서,6.13,7,5.2,1
하스미 에이이치로,7.79,4.875,5.87,2
하시모토 마사카즈,8.5,8.62,,2
하시모토 미츠지로,,7.57,,1
하야토 다테,,6,8.95,1
하우메 발라게로,,6.655,7.16,4
하워드 도이치,,8.73,,1
하워드 혹스,,8.258,,4
하원준,,6.5,4.63,1
하정우,7.6,6.465,6.815,2
한동욱,8.47,5.34,8.64,1
한동호,,1.5,3,1
한상호,,7.61,,1
한상희,9.2,6.797,,3
한승림,3,2.32,,1
한승훈,10,4,7.92,1
한윤선,9.63,7,8.45,1
한재림,8.4,7.013,8.127,4
한종훈,,5,5.28,1
한준희,7.58,6.03,6.94,1
한지승,,5.5,8.12,1
한지원,7.18,6.55,7,1
해도,,2.89,,2
해럴드 즈워트,,5.36,7.685,2
해롤드 래미스,,9.15,,1
해롤드 벡커,,6.665,,2
해롤드 크론크,9.107,5.63,7.715,3
해리 훅,,7.95,,1
허안,6.73,4.5,5.12,1
허우 샤오시엔,7.815,7.98,7,2
허은희,8.28,4.92,7.46,1
허인무,,5.945,8.7,2
허정,,6.03,6.83,1
허종호,8.5,6.65,7.86,1
허진호,9.365,7.202,8.18,6
헤랄드 지페르만,7.93,7.88,,1
헥터 헤르난데즈 비센스,,6.09,,1
헨리 셀릭,,8.46,9.11,2
헨리 알렉스 루빈,,7.5,8.56,1
헨리 유스트,,7.565,,2
헬렌 헌트,8.28,5.5,8.12,1
호세 루이스 쿠에르다,,9.22,,1
호세 파딜라,7.52,7.5,8.48,3
호소다 마모루,9.395,7.502,8.922,4
호소다 마사히로,,8.11,,1
호시 마모루,,7.86,,1
홍기선,,6.09,5.85,1
홍리경,9.47,7,8.52,1
홍상수,8.439,7.719,7.213,15
홍석재,7.82,7.18,7.84,1
홍성수,,7,,1
홍원찬,7.08,6.31,6.44,1
홍재희,8.23,7,8.02,1
홍지영,8.8,5.845,7.865,2
홍헌표,8.88,8.74,,1
홍형숙,,8.52,7.53,1
화니,,4.9,,2
황동혁,9.09,6.37,8.91,3
황백기,,7.25,,1
황병국,,6.13,7.67,2
황상원,,7.5,,1
황수아,,6.88,8.3,1
황승재,,2.75,5.98,1
황욱,7.5,4.5,6.45,1
황윤,8.92,6.17,8.87,1
황인호,6.27,5.585,7.15,2
황정보,,6.4,,1
황진진,8.67,7.43,,1
후루사와 켄,,4,4.09,1
후루하타 야스오,,6.8,,1
후안 안토니오 바요나,,7.19,8.1,1
후안 호세 캄파넬라,8,6.125,8.15,2
후앙 카를로스 메디나,,6,7.62,1
후지모리 마사야,,8.87,,1
후카가와 요시히로,,6.63,6.55,1
후카사쿠 킨지,,6.4,,2
히구치 신지,,5,3.36,1
히라바야시 이사무,8.54,8.55,,1
히라카와 유이치로,6.91,3.5,5.46,1
히로키 류이치,,6,7.57,1
히시다 마사카즈,9.72,9.27,,1